year,area,crime_type,count,source_url,exported_at
2023,Göteborg kommun,alla_brott,90659,https://statistik.bra.se/solwebb/action/start?menykatalogid=1,2026-10-10
2024,Göteborg kommun,alla_brott,88766,https://statistik.bra.se/solwebb/action/start?menykatalogid=1,2026-10-10
2025,Göteborg kommun,alla_brott,84816,https://statistik.bra.se/solwebb/action/start?menykatalogid=1,2026-10-10
2023,Göteborg kommun,misshandel,5404,https://statistik.bra.se/solwebb/action/start?menykatalogid=1,2026-10-10
2024,Göteborg kommun,misshandel,5503,https://statistik.bra.se/solwebb/action/start?menykatalogid=1,2026-10-10
2025,Göteborg kommun,misshandel,5670,https://statistik.bra.se/solwebb/action/start?menykatalogid=1,2026-10-10
2023,Göteborg kommun,bilstold,300,https://statistik.bra.se/solwebb/action/start?menykatalogid=1,2026-10-10
2024,Göteborg kommun,bilstold,306,https://statistik.bra.se/solwebb/action/start?menykatalogid=1,2026-10-10
2025,Göteborg kommun,bilstold,245,https://statistik.bra.se/solwebb/action/start?menykatalogid=1,2026-10-10
2023,Göteborg kommun,bostadsinbrott_villa,203,https://statistik.bra.se/solwebb/action/start?menykatalogid=1,2026-10-10
2024,Göteborg kommun,bostadsinbrott_villa,214,https://statistik.bra.se/solwebb/action/start?menykatalogid=1,2026-10-10
2025,Göteborg kommun,bostadsinbrott_villa,182,https://statistik.bra.se/solwebb/action/start?menykatalogid=1,2026-10-10
2023,Göteborg kommun,bostadsinbrott_lagenhet,381,https://statistik.bra.se/solwebb/action/start?menykatalogid=1,2026-10-10
2024,Göteborg kommun,bostadsinbrott_lagenhet,336,https://statistik.bra.se/solwebb/action/start?menykatalogid=1,2026-10-10
2025,Göteborg kommun,bostadsinbrott_lagenhet,317,https://statistik.bra.se/solwebb/action/start?menykatalogid=1,2026-10-10
2023,Göteborg kommun,stold_ur_fordon,4422,https://statistik.bra.se/solwebb/action/start?menykatalogid=1,2026-10-10
2024,Göteborg kommun,stold_ur_fordon,3342,https://statistik.bra.se/solwebb/action/start?menykatalogid=1,2026-10-10
2025,Göteborg kommun,stold_ur_fordon,2382,https://statistik.bra.se/solwebb/action/start?menykatalogid=1,2026-10-10
2023,Centrum,alla_brott,39109,https://statistik.bra.se/solwebb/action/start?menykatalogid=1,2026-10-10
2024,Centrum,alla_brott,37548,https://statistik.bra.se/solwebb/action/start?menykatalogid=1,2026-10-10
2025,Centrum,alla_brott,35597,https://statistik.bra.se/solwebb/action/start?menykatalogid=1,2026-10-10
2023,Centrum,misshandel,2101,https://statistik.bra.se/solwebb/action/start?menykatalogid=1,2026-10-10
2024,Centrum,misshandel,2224,https://statistik.bra.se/solwebb/action/start?menykatalogid=1,2026-10-10
2025,Centrum,misshandel,2246,https://statistik.bra.se/solwebb/action/start?menykatalogid=1,2026-10-10
2023,Centrum,bilstold,97,https://statistik.bra.se/solwebb/action/start?menykatalogid=1,2026-10-10
2024,Centrum,bilstold,96,https://statistik.bra.se/solwebb/action/start?menykatalogid=1,2026-10-10
2025,Centrum,bilstold,74,https://statistik.bra.se/solwebb/action/start?menykatalogid=1,2026-10-10
2023,Centrum,bostadsinbrott_villa,39,https://statistik.bra.se/solwebb/action/start?menykatalogid=1,2026-10-10
2024,Centrum,bostadsinbrott_villa,57,https://statistik.bra.se/solwebb/action/start?menykatalogid=1,2026-10-10
2025,Centrum,bostadsinbrott_villa,56,https://statistik.bra.se/solwebb/action/start?menykatalogid=1,2026-10-10
2023,Centrum,bostadsinbrott_lagenhet,121,https://statistik.bra.se/solwebb/action/start?menykatalogid=1,2026-10-10
2024,Centrum,bostadsinbrott_lagenhet,119,https://statistik.bra.se/solwebb/action/start?menykatalogid=1,2026-10-10
2025,Centrum,bostadsinbrott_lagenhet,109,https://statistik.bra.se/solwebb/action/start?menykatalogid=1,2026-10-10
2023,Centrum,stold_ur_fordon,1698,https://statistik.bra.se/solwebb/action/start?menykatalogid=1,2026-10-10
2024,Centrum,stold_ur_fordon,1354,https://statistik.bra.se/solwebb/action/start?menykatalogid=1,2026-10-10
2025,Centrum,stold_ur_fordon,917,https://statistik.bra.se/solwebb/action/start?menykatalogid=1,2026-10-10
2023,Hisingen,alla_brott,18939,https://statistik.bra.se/solwebb/action/start?menykatalogid=1,2026-10-10
2024,Hisingen,alla_brott,19352,https://statistik.bra.se/solwebb/action/start?menykatalogid=1,2026-10-10
2025,Hisingen,alla_brott,19982,https://statistik.bra.se/solwebb/action/start?menykatalogid=1,2026-10-10
2023,Hisingen,misshandel,1346,https://statistik.bra.se/solwebb/action/start?menykatalogid=1,2026-10-10
2024,Hisingen,misshandel,1119,https://statistik.bra.se/solwebb/action/start?menykatalogid=1,2026-10-10
2025,Hisingen,misshandel,1269,https://statistik.bra.se/solwebb/action/start?menykatalogid=1,2026-10-10
2023,Hisingen,bilstold,90,https://statistik.bra.se/solwebb/action/start?menykatalogid=1,2026-10-10
2024,Hisingen,bilstold,103,https://statistik.bra.se/solwebb/action/start?menykatalogid=1,2026-10-10
2025,Hisingen,bilstold,67,https://statistik.bra.se/solwebb/action/start?menykatalogid=1,2026-10-10
2023,Hisingen,bostadsinbrott_villa,50,https://statistik.bra.se/solwebb/action/start?menykatalogid=1,2026-10-10
2024,Hisingen,bostadsinbrott_villa,58,https://statistik.bra.se/solwebb/action/start?menykatalogid=1,2026-10-10
2025,Hisingen,bostadsinbrott_villa,35,https://statistik.bra.se/solwebb/action/start?menykatalogid=1,2026-10-10
2023,Hisingen,bostadsinbrott_lagenhet,131,https://statistik.bra.se/solwebb/action/start?menykatalogid=1,2026-10-10
2024,Hisingen,bostadsinbrott_lagenhet,85,https://statistik.bra.se/solwebb/action/start?menykatalogid=1,2026-10-10
2025,Hisingen,bostadsinbrott_lagenhet,107,https://statistik.bra.se/solwebb/action/start?menykatalogid=1,2026-10-10
2023,Hisingen,stold_ur_fordon,1080,https://statistik.bra.se/solwebb/action/start?menykatalogid=1,2026-10-10
2024,Hisingen,stold_ur_fordon,842,https://statistik.bra.se/solwebb/action/start?menykatalogid=1,2026-10-10
2025,Hisingen,stold_ur_fordon,772,https://statistik.bra.se/solwebb/action/start?menykatalogid=1,2026-10-10
2023,Nordost,alla_brott,12888,https://statistik.bra.se/solwebb/action/start?menykatalogid=1,2026-10-10
2024,Nordost,alla_brott,13054,https://statistik.bra.se/solwebb/action/start?menykatalogid=1,2026-10-10
2025,Nordost,alla_brott,12705,https://statistik.bra.se/solwebb/action/start?menykatalogid=1,2026-10-10
2023,Nordost,misshandel,1080,https://statistik.bra.se/solwebb/action/start?menykatalogid=1,2026-10-10
2024,Nordost,misshandel,1282,https://statistik.bra.se/solwebb/action/start?menykatalogid=1,2026-10-10
2025,Nordost,misshandel,1259,https://statistik.bra.se/solwebb/action/start?menykatalogid=1,2026-10-10
2023,Nordost,bilstold,52,https://statistik.bra.se/solwebb/action/start?menykatalogid=1,2026-10-10
2024,Nordost,bilstold,55,https://statistik.bra.se/solwebb/action/start?menykatalogid=1,2026-10-10
2025,Nordost,bilstold,55,https://statistik.bra.se/solwebb/action/start?menykatalogid=1,2026-10-10
2023,Nordost,bostadsinbrott_villa,19,https://statistik.bra.se/solwebb/action/start?menykatalogid=1,2026-10-10
2024,Nordost,bostadsinbrott_villa,15,https://statistik.bra.se/solwebb/action/start?menykatalogid=1,2026-10-10
2025,Nordost,bostadsinbrott_villa,16,https://statistik.bra.se/solwebb/action/start?menykatalogid=1,2026-10-10
2023,Nordost,bostadsinbrott_lagenhet,67,https://statistik.bra.se/solwebb/action/start?menykatalogid=1,2026-10-10
2024,Nordost,bostadsinbrott_lagenhet,66,https://statistik.bra.se/solwebb/action/start?menykatalogid=1,2026-10-10
2025,Nordost,bostadsinbrott_lagenhet,57,https://statistik.bra.se/solwebb/action/start?menykatalogid=1,2026-10-10
2023,Nordost,stold_ur_fordon,725,https://statistik.bra.se/solwebb/action/start?menykatalogid=1,2026-10-10
2024,Nordost,stold_ur_fordon,483,https://statistik.bra.se/solwebb/action/start?menykatalogid=1,2026-10-10
2025,Nordost,stold_ur_fordon,365,https://statistik.bra.se/solwebb/action/start?menykatalogid=1,2026-10-10
2023,Sydväst,alla_brott,12076,https://statistik.bra.se/solwebb/action/start?menykatalogid=1,2026-10-10
2024,Sydväst,alla_brott,11875,https://statistik.bra.se/solwebb/action/start?menykatalogid=1,2026-10-10
2025,Sydväst,alla_brott,12093,https://statistik.bra.se/solwebb/action/start?menykatalogid=1,2026-10-10
2023,Sydväst,misshandel,746,https://statistik.bra.se/solwebb/action/start?menykatalogid=1,2026-10-10
2024,Sydväst,misshandel,704,https://statistik.bra.se/solwebb/action/start?menykatalogid=1,2026-10-10
2025,Sydväst,misshandel,716,https://statistik.bra.se/solwebb/action/start?menykatalogid=1,2026-10-10
2023,Sydväst,bilstold,53,https://statistik.bra.se/solwebb/action/start?menykatalogid=1,2026-10-10
2024,Sydväst,bilstold,49,https://statistik.bra.se/solwebb/action/start?menykatalogid=1,2026-10-10
2025,Sydväst,bilstold,39,https://statistik.bra.se/solwebb/action/start?menykatalogid=1,2026-10-10
2023,Sydväst,bostadsinbrott_villa,95,https://statistik.bra.se/solwebb/action/start?menykatalogid=1,2026-10-10
2024,Sydväst,bostadsinbrott_villa,84,https://statistik.bra.se/solwebb/action/start?menykatalogid=1,2026-10-10
2025,Sydväst,bostadsinbrott_villa,69,https://statistik.bra.se/solwebb/action/start?menykatalogid=1,2026-10-10
2023,Sydväst,bostadsinbrott_lagenhet,57,https://statistik.bra.se/solwebb/action/start?menykatalogid=1,2026-10-10
2024,Sydväst,bostadsinbrott_lagenhet,57,https://statistik.bra.se/solwebb/action/start?menykatalogid=1,2026-10-10
2025,Sydväst,bostadsinbrott_lagenhet,42,https://statistik.bra.se/solwebb/action/start?menykatalogid=1,2026-10-10
2023,Sydväst,stold_ur_fordon,657,https://statistik.bra.se/solwebb/action/start?menykatalogid=1,2026-10-10
2024,Sydväst,stold_ur_fordon,503,https://statistik.bra.se/solwebb/action/start?menykatalogid=1,2026-10-10
2025,Sydväst,stold_ur_fordon,301,https://statistik.bra.se/solwebb/action/start?menykatalogid=1,2026-10-10
