year,area_scheme,area,population,source
1996,kommun,Göteborg kommun,454016,"SCB BE0101A/BefolkningNy (Region 1480, all ages and both sexes), accessed 2026-10-10"
1997,kommun,Göteborg kommun,456611,"SCB BE0101A/BefolkningNy (Region 1480, all ages and both sexes), accessed 2026-10-10"
1998,kommun,Göteborg kommun,459593,"SCB BE0101A/BefolkningNy (Region 1480, all ages and both sexes), accessed 2026-10-10"
1999,kommun,Göteborg kommun,462470,"SCB BE0101A/BefolkningNy (Region 1480, all ages and both sexes), accessed 2026-10-10"
2000,kommun,Göteborg kommun,466990,"SCB BE0101A/BefolkningNy (Region 1480, all ages and both sexes), accessed 2026-10-10"
2001,kommun,Göteborg kommun,471267,"SCB BE0101A/BefolkningNy (Region 1480, all ages and both sexes), accessed 2026-10-10"
2002,kommun,Göteborg kommun,474921,"SCB BE0101A/BefolkningNy (Region 1480, all ages and both sexes), accessed 2026-10-10"
2003,kommun,Göteborg kommun,478055,"SCB BE0101A/BefolkningNy (Region 1480, all ages and both sexes), accessed 2026-10-10"
2004,kommun,Göteborg kommun,481410,"SCB BE0101A/BefolkningNy (Region 1480, all ages and both sexes), accessed 2026-10-10"
2005,kommun,Göteborg kommun,484942,"SCB BE0101A/BefolkningNy (Region 1480, all ages and both sexes), accessed 2026-10-10"
2006,kommun,Göteborg kommun,489757,"SCB BE0101A/BefolkningNy (Region 1480, all ages and both sexes), accessed 2026-10-10"
2007,kommun,Göteborg kommun,493502,"SCB BE0101A/BefolkningNy (Region 1480, all ages and both sexes), accessed 2026-10-10"
2008,kommun,Göteborg kommun,500197,"SCB BE0101A/BefolkningNy (Region 1480, all ages and both sexes), accessed 2026-10-10"
2009,kommun,Göteborg kommun,507330,"SCB BE0101A/BefolkningNy (Region 1480, all ages and both sexes), accessed 2026-10-10"
2010,kommun,Göteborg kommun,513751,"SCB BE0101A/BefolkningNy (Region 1480, all ages and both sexes), accessed 2026-10-10"
2011,kommun,Göteborg kommun,520374,"SCB BE0101A/BefolkningNy (Region 1480, all ages and both sexes), accessed 2026-10-10"
2012,kommun,Göteborg kommun,526089,"SCB BE0101A/BefolkningNy (Region 1480, all ages and both sexes), accessed 2026-10-10"
2013,kommun,Göteborg kommun,533271,"SCB BE0101A/BefolkningNy (Region 1480, all ages and both sexes), accessed 2026-10-10"
2014,kommun,Göteborg kommun,541145,"SCB BE0101A/BefolkningNy (Region 1480, all ages and both sexes), accessed 2026-10-10"
2015,kommun,Göteborg kommun,548190,"SCB BE0101A/BefolkningNy (Region 1480, all ages and both sexes), accessed 2026-10-10"
2016,kommun,Göteborg kommun,556640,"SCB BE0101A/BefolkningNy (Region 1480, all ages and both sexes), accessed 2026-10-10"
2017,kommun,Göteborg kommun,564039,"SCB BE0101A/BefolkningNy (Region 1480, all ages and both sexes), accessed 2026-10-10"
2018,kommun,Göteborg kommun,571868,"SCB BE0101A/BefolkningNy (Region 1480, all ages and both sexes), accessed 2026-10-10"
2019,kommun,Göteborg kommun,579281,"SCB BE0101A/BefolkningNy (Region 1480, all ages and both sexes), accessed 2026-10-10"
2020,kommun,Göteborg kommun,583056,"SCB BE0101A/BefolkningNy (Region 1480, all ages and both sexes), accessed 2026-10-10"
2021,kommun,Göteborg kommun,587549,"SCB BE0101A/BefolkningNy (Region 1480, all ages and both sexes), accessed 2026-10-10"
2022,kommun,Göteborg kommun,596841,"SCB BE0101A/BefolkningNy (Region 1480, all ages and both sexes), accessed 2026-10-10"
2023,kommun,Göteborg kommun,604616,"SCB BE0101A/BefolkningNy (Region 1480, all ages and both sexes), accessed 2026-10-10"
2024,kommun,Göteborg kommun,608993,"SCB BE0101A/BefolkningNy (Region 1480, all ages and both sexes), accessed 2026-10-10"
2025,kommun,Göteborg kommun,613278,SCB end-2025 population via Göteborgsregionen table (Folkmängd 2025-12-31.pdf); not in SCB BefolkningNy 1996-2024 table
2021,stadsomrade_2021,Stadsområde Centrum (Gbg),191408,"Göteborgs Stad statistikdatabas (PxWeb, SCB data), Stadsområden > Befolkning > Folkmängd helår, 10_FolkmHelar_SO.px, accessed 2026-10-10"
2021,stadsomrade_2021,Stadsområde Hisingen (Gbg),166367,"Göteborgs Stad statistikdatabas (PxWeb, SCB data), Stadsområden > Befolkning > Folkmängd helår, 10_FolkmHelar_SO.px, accessed 2026-10-10"
2021,stadsomrade_2021,Stadsområde Nordost (Gbg),106685,"Göteborgs Stad statistikdatabas (PxWeb, SCB data), Stadsområden > Befolkning > Folkmängd helår, 10_FolkmHelar_SO.px, accessed 2026-10-10"
2021,stadsomrade_2021,Stadsområde Sydväst (Gbg),121605,"Göteborgs Stad statistikdatabas (PxWeb, SCB data), Stadsområden > Befolkning > Folkmängd helår, 10_FolkmHelar_SO.px, accessed 2026-10-10"
2022,stadsomrade_2021,Stadsområde Centrum (Gbg),193601,"Göteborgs Stad statistikdatabas (PxWeb, SCB data), Stadsområden > Befolkning > Folkmängd helår, 10_FolkmHelar_SO.px, accessed 2026-10-10"
2022,stadsomrade_2021,Stadsområde Hisingen (Gbg),169072,"Göteborgs Stad statistikdatabas (PxWeb, SCB data), Stadsområden > Befolkning > Folkmängd helår, 10_FolkmHelar_SO.px, accessed 2026-10-10"
2022,stadsomrade_2021,Stadsområde Nordost (Gbg),108552,"Göteborgs Stad statistikdatabas (PxWeb, SCB data), Stadsområden > Befolkning > Folkmängd helår, 10_FolkmHelar_SO.px, accessed 2026-10-10"
2022,stadsomrade_2021,Stadsområde Sydväst (Gbg),123936,"Göteborgs Stad statistikdatabas (PxWeb, SCB data), Stadsområden > Befolkning > Folkmängd helår, 10_FolkmHelar_SO.px, accessed 2026-10-10"
2023,stadsomrade_2021,Stadsområde Centrum (Gbg),195769,"Göteborgs Stad statistikdatabas (PxWeb, SCB data), Stadsområden > Befolkning > Folkmängd helår, 10_FolkmHelar_SO.px, accessed 2026-10-10"
2023,stadsomrade_2021,Stadsområde Hisingen (Gbg),171564,"Göteborgs Stad statistikdatabas (PxWeb, SCB data), Stadsområden > Befolkning > Folkmängd helår, 10_FolkmHelar_SO.px, accessed 2026-10-10"
2023,stadsomrade_2021,Stadsområde Nordost (Gbg),109285,"Göteborgs Stad statistikdatabas (PxWeb, SCB data), Stadsområden > Befolkning > Folkmängd helår, 10_FolkmHelar_SO.px, accessed 2026-10-10"
2023,stadsomrade_2021,Stadsområde Sydväst (Gbg),125737,"Göteborgs Stad statistikdatabas (PxWeb, SCB data), Stadsområden > Befolkning > Folkmängd helår, 10_FolkmHelar_SO.px, accessed 2026-10-10"
2024,stadsomrade_2021,Stadsområde Centrum (Gbg),197297,"Göteborgs Stad statistikdatabas (PxWeb, SCB data), Stadsområden > Befolkning > Folkmängd helår, 10_FolkmHelar_SO.px, accessed 2026-10-10"
2024,stadsomrade_2021,Stadsområde Hisingen (Gbg),172753,"Göteborgs Stad statistikdatabas (PxWeb, SCB data), Stadsområden > Befolkning > Folkmängd helår, 10_FolkmHelar_SO.px, accessed 2026-10-10"
2024,stadsomrade_2021,Stadsområde Nordost (Gbg),109752,"Göteborgs Stad statistikdatabas (PxWeb, SCB data), Stadsområden > Befolkning > Folkmängd helår, 10_FolkmHelar_SO.px, accessed 2026-10-10"
2024,stadsomrade_2021,Stadsområde Sydväst (Gbg),127268,"Göteborgs Stad statistikdatabas (PxWeb, SCB data), Stadsområden > Befolkning > Folkmängd helår, 10_FolkmHelar_SO.px, accessed 2026-10-10"
2025,stadsomrade_2021,Stadsområde Centrum (Gbg),198627,"Göteborgs Stad statistikdatabas (PxWeb, SCB data), Stadsområden > Befolkning > Folkmängd helår, 10_FolkmHelar_SO.px, accessed 2026-10-10"
2025,stadsomrade_2021,Stadsområde Hisingen (Gbg),174806,"Göteborgs Stad statistikdatabas (PxWeb, SCB data), Stadsområden > Befolkning > Folkmängd helår, 10_FolkmHelar_SO.px, accessed 2026-10-10"
2025,stadsomrade_2021,Stadsområde Nordost (Gbg),109989,"Göteborgs Stad statistikdatabas (PxWeb, SCB data), Stadsområden > Befolkning > Folkmängd helår, 10_FolkmHelar_SO.px, accessed 2026-10-10"
2025,stadsomrade_2021,Stadsområde Sydväst (Gbg),127803,"Göteborgs Stad statistikdatabas (PxWeb, SCB data), Stadsområden > Befolkning > Folkmängd helår, 10_FolkmHelar_SO.px, accessed 2026-10-10"
