primaromrade_nr,primaromrade_name,sdn_2011_2020,source_url,verified
101,Kungsladugård,Majorna-Linné,https://en.wikipedia.org/wiki/Boroughs_and_districts_of_Gothenburg,false
102,Sanna,Majorna-Linné,https://en.wikipedia.org/wiki/Boroughs_and_districts_of_Gothenburg,false
103,Majorna,Majorna-Linné,https://en.wikipedia.org/wiki/Boroughs_and_districts_of_Gothenburg,false
104,Stigberget,Majorna-Linné,https://en.wikipedia.org/wiki/Boroughs_and_districts_of_Gothenburg,false
105,Masthugget,Majorna-Linné,https://en.wikipedia.org/wiki/Boroughs_and_districts_of_Gothenburg,false
106,Änggården,Majorna-Linné,https://en.wikipedia.org/wiki/Boroughs_and_districts_of_Gothenburg,false
107,Haga,Majorna-Linné,https://en.wikipedia.org/wiki/Boroughs_and_districts_of_Gothenburg,false
108,Annedal,Majorna-Linné,https://en.wikipedia.org/wiki/Boroughs_and_districts_of_Gothenburg,false
109,Olivedal,Majorna-Linné,https://en.wikipedia.org/wiki/Boroughs_and_districts_of_Gothenburg,false
110,Krokslätt,Centrum,https://en.wikipedia.org/wiki/Boroughs_and_districts_of_Gothenburg,false
111,Johanneberg,Centrum,https://en.wikipedia.org/wiki/Boroughs_and_districts_of_Gothenburg,false
112,Landala,Centrum,https://en.wikipedia.org/wiki/Boroughs_and_districts_of_Gothenburg,false
113,Guldheden,Centrum,https://en.wikipedia.org/wiki/Boroughs_and_districts_of_Gothenburg,false
114,Lorensberg,Centrum,https://en.wikipedia.org/wiki/Boroughs_and_districts_of_Gothenburg,false
115,Vasastaden,Centrum,https://en.wikipedia.org/wiki/Boroughs_and_districts_of_Gothenburg,false
116,Inom Vallgraven,Centrum,https://en.wikipedia.org/wiki/Boroughs_and_districts_of_Gothenburg,false
117,Stampen,Centrum,https://en.wikipedia.org/wiki/Boroughs_and_districts_of_Gothenburg,false
118,Heden,Centrum,https://en.wikipedia.org/wiki/Boroughs_and_districts_of_Gothenburg,false
201,Olskroken,Örgryte-Härlanda,https://en.wikipedia.org/wiki/Boroughs_and_districts_of_Gothenburg,false
202,Redbergslid,Örgryte-Härlanda,https://en.wikipedia.org/wiki/Boroughs_and_districts_of_Gothenburg,false
203,Bagaregården,Örgryte-Härlanda,https://en.wikipedia.org/wiki/Boroughs_and_districts_of_Gothenburg,false
204,Kallebäck,Örgryte-Härlanda,https://en.wikipedia.org/wiki/Boroughs_and_districts_of_Gothenburg,false
205,Skår,Örgryte-Härlanda,https://en.wikipedia.org/wiki/Boroughs_and_districts_of_Gothenburg,false
206,Överås,Örgryte-Härlanda,https://en.wikipedia.org/wiki/Boroughs_and_districts_of_Gothenburg,false
207,Kärralund,Örgryte-Härlanda,https://en.wikipedia.org/wiki/Boroughs_and_districts_of_Gothenburg,false
208,Lunden,Örgryte-Härlanda,https://en.wikipedia.org/wiki/Boroughs_and_districts_of_Gothenburg,false
209,Härlanda,Örgryte-Härlanda,https://en.wikipedia.org/wiki/Boroughs_and_districts_of_Gothenburg,false
210,Kålltorp,Örgryte-Härlanda,https://en.wikipedia.org/wiki/Boroughs_and_districts_of_Gothenburg,false
211,Torpa,Örgryte-Härlanda,https://en.wikipedia.org/wiki/Boroughs_and_districts_of_Gothenburg,false
212,Björkekärr,Örgryte-Härlanda,https://en.wikipedia.org/wiki/Boroughs_and_districts_of_Gothenburg,false
301,Gamlestaden,Östra Göteborg,https://en.wikipedia.org/wiki/Boroughs_and_districts_of_Gothenburg,false
302,Utby,Östra Göteborg,https://en.wikipedia.org/wiki/Boroughs_and_districts_of_Gothenburg,false
303,Södra Kortedala,Östra Göteborg,https://en.wikipedia.org/wiki/Boroughs_and_districts_of_Gothenburg,false
304,Norra Kortedala,Östra Göteborg,https://en.wikipedia.org/wiki/Boroughs_and_districts_of_Gothenburg,false
305,Västra Bergsjön,Östra Göteborg,https://en.wikipedia.org/wiki/Boroughs_and_districts_of_Gothenburg,false
306,Östra Bergsjön,Östra Göteborg,https://en.wikipedia.org/wiki/Boroughs_and_districts_of_Gothenburg,false
402,Kvillebäcken,Lundby,https://en.wikipedia.org/wiki/Boroughs_and_districts_of_Gothenburg,false
403,Slättadamm,Lundby,https://en.wikipedia.org/wiki/Boroughs_and_districts_of_Gothenburg,false
404,Kärrdalen,Lundby,https://en.wikipedia.org/wiki/Boroughs_and_districts_of_Gothenburg,false
405,Tuve,Norra Hisingen,https://en.wikipedia.org/wiki/Boroughs_and_districts_of_Gothenburg,false
406,Säve,Norra Hisingen,https://en.wikipedia.org/wiki/Boroughs_and_districts_of_Gothenburg,false
407,Kärra,Norra Hisingen,https://en.wikipedia.org/wiki/Boroughs_and_districts_of_Gothenburg,false
408,Rödbo,Norra Hisingen,https://en.wikipedia.org/wiki/Boroughs_and_districts_of_Gothenburg,false
409,Skogome,Norra Hisingen,https://en.wikipedia.org/wiki/Boroughs_and_districts_of_Gothenburg,false
410,Brunnsbo,Norra Hisingen,https://en.wikipedia.org/wiki/Boroughs_and_districts_of_Gothenburg,false
412,Backa,Norra Hisingen,https://en.wikipedia.org/wiki/Boroughs_and_districts_of_Gothenburg,false
413,Skälltorp,Norra Hisingen,https://en.wikipedia.org/wiki/Boroughs_and_districts_of_Gothenburg,false
414,Kyrkbyn,Lundby,"manual 2026-10-10 (assigned by hand, no published source)",manual
415,Rambergsstaden,Lundby,"manual 2026-10-10 (assigned by hand, no published source)",manual
416,Eriksberg,Lundby,"manual 2026-10-10 (assigned by hand, no published source)",manual
417,Lindholmen,Lundby,"manual 2026-10-10 (assigned by hand, no published source)",manual
501,Fiskebäck,Västra Göteborg,https://en.wikipedia.org/wiki/Boroughs_and_districts_of_Gothenburg,false
502,Långedrag,Västra Göteborg,https://en.wikipedia.org/wiki/Boroughs_and_districts_of_Gothenburg,false
503,Hagen,Västra Göteborg,https://en.wikipedia.org/wiki/Boroughs_and_districts_of_Gothenburg,false
504,Grimmered,Västra Göteborg,https://en.wikipedia.org/wiki/Boroughs_and_districts_of_Gothenburg,false
505,Södra Skärgården,Västra Göteborg,"manual 2026-10-10 (assigned by hand, no published source)",manual
506,Bratthammar,Västra Göteborg,https://en.wikipedia.org/wiki/Boroughs_and_districts_of_Gothenburg,false
507,Guldringen,Västra Göteborg,https://en.wikipedia.org/wiki/Boroughs_and_districts_of_Gothenburg,false
508,Skattegården,Västra Göteborg,https://en.wikipedia.org/wiki/Boroughs_and_districts_of_Gothenburg,false
509,Kaverös,Askim-Frölunda-Högsbo,https://en.wikipedia.org/wiki/Boroughs_and_districts_of_Gothenburg,false
510,Flatås,Askim-Frölunda-Högsbo,https://en.wikipedia.org/wiki/Boroughs_and_districts_of_Gothenburg,false
511,Högsbohöjd,Askim-Frölunda-Högsbo,https://en.wikipedia.org/wiki/Boroughs_and_districts_of_Gothenburg,false
512,Högsbotorp,Askim-Frölunda-Högsbo,https://en.wikipedia.org/wiki/Boroughs_and_districts_of_Gothenburg,false
513,Tofta,Askim-Frölunda-Högsbo,https://en.wikipedia.org/wiki/Boroughs_and_districts_of_Gothenburg,false
514,Ruddalen,Askim-Frölunda-Högsbo,https://en.wikipedia.org/wiki/Boroughs_and_districts_of_Gothenburg,false
515,Järnbrott,Askim-Frölunda-Högsbo,https://en.wikipedia.org/wiki/Boroughs_and_districts_of_Gothenburg,false
516,Högsbo,Askim-Frölunda-Högsbo,https://en.wikipedia.org/wiki/Boroughs_and_districts_of_Gothenburg,false
517,Frölunda Torg,Askim-Frölunda-Högsbo,https://en.wikipedia.org/wiki/Boroughs_and_districts_of_Gothenburg,false
518,Ängås,Västra Göteborg,https://en.wikipedia.org/wiki/Boroughs_and_districts_of_Gothenburg,false
519,Önnered,Västra Göteborg,https://en.wikipedia.org/wiki/Boroughs_and_districts_of_Gothenburg,false
520,Grevegården,Västra Göteborg,https://en.wikipedia.org/wiki/Boroughs_and_districts_of_Gothenburg,false
521,Näset,Västra Göteborg,https://en.wikipedia.org/wiki/Boroughs_and_districts_of_Gothenburg,false
522,Kannebäck,Västra Göteborg,https://en.wikipedia.org/wiki/Boroughs_and_districts_of_Gothenburg,false
523,Askim,Askim-Frölunda-Högsbo,https://en.wikipedia.org/wiki/Boroughs_and_districts_of_Gothenburg,false
524,Hovås,Askim-Frölunda-Högsbo,https://en.wikipedia.org/wiki/Boroughs_and_districts_of_Gothenburg,false
525,Billdal,Askim-Frölunda-Högsbo,https://en.wikipedia.org/wiki/Boroughs_and_districts_of_Gothenburg,false
601,Lövgärdet,Angered,https://en.wikipedia.org/wiki/Boroughs_and_districts_of_Gothenburg,false
602,Rannebergen,Angered,https://en.wikipedia.org/wiki/Boroughs_and_districts_of_Gothenburg,false
603,Gårdstensberget,Angered,https://en.wikipedia.org/wiki/Boroughs_and_districts_of_Gothenburg,false
604,Angereds Centrum,Angered,https://en.wikipedia.org/wiki/Boroughs_and_districts_of_Gothenburg,false
605,Agnesberg,Angered,https://en.wikipedia.org/wiki/Boroughs_and_districts_of_Gothenburg,false
606,Hammarkullen,Angered,https://en.wikipedia.org/wiki/Boroughs_and_districts_of_Gothenburg,false
609,Linnarhult,Angered,https://en.wikipedia.org/wiki/Boroughs_and_districts_of_Gothenburg,false
610,Gunnilse,Angered,https://en.wikipedia.org/wiki/Boroughs_and_districts_of_Gothenburg,false
611,Bergum,Angered,https://en.wikipedia.org/wiki/Boroughs_and_districts_of_Gothenburg,false
612,Hjällbo,Angered,https://en.wikipedia.org/wiki/Boroughs_and_districts_of_Gothenburg,false
613,Eriksbo,Angered,https://en.wikipedia.org/wiki/Boroughs_and_districts_of_Gothenburg,false
701,Norra Biskopsgården,Västra Hisingen,https://en.wikipedia.org/wiki/Boroughs_and_districts_of_Gothenburg,false
702,Länsmansgården,Västra Hisingen,https://en.wikipedia.org/wiki/Boroughs_and_districts_of_Gothenburg,false
703,Svartedalen,Västra Hisingen,https://en.wikipedia.org/wiki/Boroughs_and_districts_of_Gothenburg,false
704,Hjuvik,Västra Hisingen,https://en.wikipedia.org/wiki/Boroughs_and_districts_of_Gothenburg,false
705,Nolered,Västra Hisingen,https://en.wikipedia.org/wiki/Boroughs_and_districts_of_Gothenburg,false
706,Björlanda,Västra Hisingen,https://en.wikipedia.org/wiki/Boroughs_and_districts_of_Gothenburg,false
707,Arendal,Västra Hisingen,https://en.wikipedia.org/wiki/Boroughs_and_districts_of_Gothenburg,false
708,Södra Biskopsgården,Västra Hisingen,https://en.wikipedia.org/wiki/Boroughs_and_districts_of_Gothenburg,false
709,Jättesten,Västra Hisingen,https://en.wikipedia.org/wiki/Boroughs_and_districts_of_Gothenburg,false
